TransactionID,customer_name,product_id,Rice Variety,Quantity ,payment_method,Total,created_at,status,,
,walked in customer,1,jack,4,Cash,200,2026-02-01 06:38:05,paid,,
,walked in customer,1,jack,3,Cash,144,2026-02-01 09:21:58,paid,,
,mikee,2,tristar jasmin,1,Cash,58,2026-02-01 08:51:59,paid,,
,walked in customer,3,blueberry,10,Cash,480,2026-02-01 18:36:26,paid,,
,walked in customer,1,jack,1,Cash,50,2026-02-01 15:30:22,paid,,
,walked in customer,1,jack,5,Cash,250,2026-02-01 13:47:39,paid,,
,manicurista,2,tristar jasmin,1.5,Cash,87,2026-02-01 12:06:34,paid,,
,aling_nely,4,angelica sinandomeng,1,Cash,48,2026-02-01 13:21:38,paid,,
,walked in customer,3,blueberry,3,Cash,144,2026-02-02 11:05:30,paid,,
,walked in customer,5,royale,0.5,Cash,30,2026-02-02 10:59:05,paid,,
,walked in customer,3,blueberry,5,Cash,240,2026-02-02 19:39:08,paid,,
,walked in customer,6,cherokee,1,Cash,58,2026-02-02 14:02:22,paid,,
,bina,7,bathala,2,Cash,100,2026-02-02 19:31:58,paid,,
,walked in customer,1,jack,2,Cash,520,2026-02-02 12:42:08,paid,,
,walked in customer,8,tamaraw,10,Cash,56,2026-02-02 12:34:10,paid,,
,walked in customer,1,jack,1,Cash,1300,2026-02-02 18:25:41,paid,,
,walked in customer,3,blueberry,25,Cash,48,2026-02-02 11:36:16,paid,,
,aling rose,9,cattaleya,1,Cash,45,2026-02-02 07:29:01,paid,,
,mang bien,2,tristar jasmin,0.75,Cash,116,2026-02-02 07:10:24,paid,,
,walked in customer,7,bathala,2,Cash,50,2026-02-02 17:04:37,paid,,
,walked in customer,1,jack,1,Cash,52,2026-02-02 14:30:03,paid,,
,walked in customer,1,jack,1,Cash,39,2026-02-02 17:39:39,paid,,
,walked in customer,10,super_rice,0.75,Cash,82.5,2026-02-03 18:16:05,paid,,
,walked in customer,6,cherokee,1.5,Cash,60,2026-02-03 16:48:57,paid,,
,walked in customer,1,jack,1,Cash,52,2026-02-03 10:51:22,paid,,
,walked in customer,3,blueberry,1,Cash,96,2026-02-03 19:00:57,paid,,
,mikee,2,tristar jasmin,2,Cash,87,2026-02-03 08:17:06,paid,,
,walked in customer,10,super_rice,1.5,Cash,82.5,2026-02-03 06:05:06,paid,,
,walked in customer,10,super_rice,1.5,Cash,275,2026-02-03 09:47:34,paid,,
,walked in customer,7,bathala,5,Cash,150,2026-02-03 06:27:17,paid,,
,mangbien,2,tristar jasmin,3,Cash,406,2026-02-03 16:20:25,paid,,
,walked in customer,2,tristar jasmin,7,Cash,58,2026-02-03 14:56:15,paid,,
,walked in customer,7,bathala,1,Cash,50,2026-02-03 11:39:28,paid,,
,walked in customer,8,tamaraw,1,Cash,56,2026-02-04 13:45:29,paid,,
,walked in customer,6,cherokee,2,Cash,60,2026-02-04 10:36:16,paid,,
,walked in customer,7,bathala,1,Cash,50,2026-02-04 10:27:19,paid,,
,walked in customer,6,cherokee,1,Cash,60,2026-02-04 17:25:05,paid,,
,walked in customer,7,bathala,1,Cash,150,2026-02-04 12:04:31,paid,,
,walked in customer,1,jack,1,Cash,104,2026-02-04 16:08:47,paid,,
,walked in customer,2,tristar jasmin,3,Cash,58,2026-02-04 17:09:14,paid,,
,walked in customer,8,tamaraw,2,Cash,280,2026-02-04 19:26:12,paid,,
,walked in customer,10,super_rice,1,Cash,50,2026-02-04 12:22:06,paid,,
,walked in customer,1,jack,5,Cash,52,2026-02-04 14:38:33,paid,,
,walked in customer,7,bathala,1,Cash,50,2026-02-04 13:42:18,paid,,
,buboy,2,tristar jasmin,1,Cash,87,2026-02-04 18:32:03,paid,,
,walked in customer,10,super_rice,1,Cash,165,2026-02-04 09:30:10,paid,,
,walked in customer,10,super_rice,1.5,Cash,110,2026-02-04 09:58:47,paid,,
,walked in customer,7,bathala,3,Cash,100,2026-02-04 10:00:56,paid,,
,walked in customer,7,bathala,2,Cash,50,2026-02-04 10:51:55,paid,,
,walked in customer,1,jack,2,Cash,104,2026-02-05 10:05:29,paid,,
,walked in customer,1,jack,1,Cash,250,2026-02-05 18:53:16,paid,,
,walked in customer,11,galaxy,3,Cash,310,2026-02-05 18:20:00,paid,,
,walked in customer,10,super_rice,2,Cash,55,2026-02-05 11:11:54,paid,,
,walked in customer,1,jack,5,Cash,100,2026-02-05 14:34:04,paid,,
,walked in customer,7,bathala,5,Cash,50,2026-02-05 14:15:31,paid,,
,manicurista,2,tristar jasmin,1,Cash,58,2026-02-05 16:37:58,paid,,
,walked in customer,7,bathala,2,Cash,50,2026-02-05 08:41:15,paid,,
,walked in customer,1,jack,1,Cash,260,2026-02-05 16:14:56,paid,,
,walked in customer,7,bathala,1,Cash,100,2026-02-05 12:46:24,paid,,
,walked in customer,7,bathala,1,Cash,100,2026-02-05 06:02:35,paid,,
,walked in customer,11,galaxy,5,Cash,1550,2026-02-05 15:09:28,paid,,
,walked in customer,2,tristar jasmin,2,Cash,58,2026-02-05 10:23:02,paid,,
,walked in customer,7,bathala,2,Cash,50,2026-02-05 11:52:34,paid,,
,walked in customer,6,cherokee,25,Cash,60,2026-02-05 12:31:57,paid,,
,walked in customer,1,jack,1,Cash,624,2026-02-06 14:17:57,paid,,
,darius,12,yehbebe,1,Cash,275,2026-02-06 10:21:42,paid,,
,walked in customer,5,royale,1,Cash,60,2026-02-06 09:57:18,paid,,
,walked in customer,7,bathala,12,Cash,75,2026-02-06 06:27:12,paid,,
,walked in customer,6,cherokee,5,Cash,90,2026-02-06 10:58:51,paid,,
,walked in customer,6,cherokee,1,Cash,60,2026-02-06 06:20:34,paid,,
,walked in customer,2,tristar jasmin,1.5,Cash,124,2026-02-06 11:53:25,paid,,
,walked in customer,12,yehbebe,1.5,Cash,165,2026-02-06 15:52:39,paid,,
,walked in customer,7,bathala,1,Cash,25,2026-02-06 15:07:53,paid,,
,walked in customer,7,bathala,2,Cash,50,2026-02-06 09:38:34,paid,,
,walked in customer,2,tristar jasmin,3,Cash,62,2026-02-06 17:49:59,paid,,
,walked in customer,7,bathala,0.5,Cash,50,2026-02-06 14:54:52,paid,,
,walked in customer,5,royale,1,Cash,30,2026-02-06 18:20:05,paid,,
,walked in customer,7,bathala,1,Cash,50,2026-02-07 06:09:54,paid,,
,walked in customer,7,bathala,3,Cash,150,2026-02-07 12:14:04,paid,,
,walked in customer,13,mindoro_diamond,1,Cash,58,2026-02-07 10:24:30,paid,,
,walked in customer,7,bathala,1,Cash,50,2026-02-07 07:23:51,paid,,
,walked in customer,7,bathala,1,Cash,50,2026-02-07 12:06:16,paid,,
,walked in customer,2,tristar jasmin,0.5,Cash,31,2026-02-07 10:44:44,paid,,
,walked in customer,13,mindoro_diamond,10,Cash,580,2026-02-07 07:32:42,paid,,
,buboy,2,tristar jasmin,1,Cash,62,2026-02-07 17:42:53,paid,,
,paul,9,cattaleya,1,Cash,1550,2026-02-07 15:00:04,paid,,
,walked in customer,14,malagkit,1,Cash,58,2026-02-07 18:37:26,paid,,
,walked in customer,10,super_rice,2.5,Cash,137.5,2026-02-08 06:58:45,paid,,
,walked in customer,7,bathala,5,Cash,250,2026-02-08 06:15:22,paid,,
,walked in customer,15,jasmin,25,Cash,1550,2026-02-08 17:01:19,paid,,
,walked in customer,13,mindoro_diamond,1.5,Cash,87,2026-02-08 19:45:43,paid,,
,walked in customer,6,cherokee,1,Cash,60,2026-02-08 11:06:26,paid,,
,walked in customer,13,mindoro_diamond,1,Cash,58,2026-02-08 11:25:40,paid,,
,walked in customer,6,cherokee,2,Cash,120,2026-02-08 09:04:07,paid,,
,walked in customer,12,yehbebe,2,Cash,110,2026-02-08 10:20:45,paid,,
,darius,12,yehbebe,1,Cash,55,2026-02-08 07:03:12,paid,,
,walked in customer,5,royale,1.5,Cash,90,2026-02-08 18:56:33,paid,,
,walked in customer,9,cattaleya,5,Cash,300,2026-02-08 19:59:49,paid,,
,walked in customer,10,super_rice,4,Cash,220,2026-02-08 07:30:31,paid,,
,walked in customer,13,mindoro_diamond,1,Cash,58,2026-02-08 06:50:24,paid,,
,buboy,2,tristar jasmin,1,Cash,62,2026-02-08 19:08:16,paid,,
,mangbien,2,tristar jasmin,1,Cash,62,2026-02-08 18:49:26,paid,,
,walked in customer,10,super_rice,1.5,Cash,82.5,2026-02-09 13:06:12,paid,,
,walked in customer,5,royale,0.5,Cash,30,2026-02-09 13:01:30,paid,,
,walked in customer,13,mindoro_diamond,1,Cash,58,2026-02-09 15:55:43,paid,,
,walked in customer,6,cherokee,1,Cash,60,2026-02-09 09:21:29,paid,,
,walked in customer,9,cattaleya,25,Cash,1500,2026-02-09 11:57:20,paid,,
,walked in customer,15,jasmin,1,Cash,60,2026-02-09 10:51:44,paid,,
,darius,12,yehbebe,3,Cash,165,2026-02-09 16:46:32,paid,,
,walked in customer,15,jasmin,12,Cash,744,2026-02-09 18:09:25,paid,,
,walked in customer,16,angelica,0.5,Cash,29,2026-02-09 08:35:59,paid,,
,walked in customer,15,jasmin,5,Cash,310,2026-02-09 09:44:11,paid,,
,walked in customer,13,mindoro_diamond,0.75,Cash,43.5,2026-02-09 08:39:32,paid,,
,mangbien,2,tristar jasmin,1.5,Cash,93,2026-02-09 08:08:57,paid,,
,darius,12,yehbebe,1,Cash,55,2026-02-09 10:35:35,paid,,
,walked in customer,6,cherokee,2.5,Cash,150,2026-02-09 19:16:07,paid,,
,manicurista,2,tristar jasmin,1,Cash,62,2026-02-10 13:07:10,paid,,
,mikee,2,tristar jasmin,5,Cash,310,2026-02-10 15:36:16,paid,,
,darius,12,yehbebe,1,Cash,55,2026-02-10 16:02:31,paid,,
,walked in customer,13,mindoro_diamond,1,Cash,58,2026-02-10 13:03:21,paid,,
,danny,4,angelica sinandomeng,25,Cash,1450,2026-02-10 09:55:30,paid,,
,walked in customer,6,cherokee,1,Cash,60,2026-02-10 13:26:19,paid,,
,walked in customer,1,jack,4,Cash,200,2026-02-10 09:55:41,paid,,
,walked in customer,1,jack,1,Cash,50,2026-02-10 13:31:58,paid,,
,walked in customer,8,tamaraw,1,Cash,56,2026-02-10 13:50:54,paid,,
,walked in customer,8,tamaraw,1,Cash,56,2026-02-10 19:04:06,paid,,
,walked in customer,8,tamaraw,1,Cash,56,2026-02-10 12:14:16,paid,,
,walked in customer,1,jack,1,Cash,50,2026-02-10 18:53:03,paid,,
,walked in customer,8,tamaraw,5,Cash,280,2026-02-10 06:25:37,paid,,
,walked in customer,13,mindoro_diamond,5,Cash,290,2026-02-10 10:11:53,paid,,
,biring_salas,4,angelica sinandomeng,1,Cash,58,2026-02-10 14:43:54,paid,,
,aling_nely,4,angelica sinandomeng,1,Cash,58,2026-02-10 15:20:02,paid,,
,walked in customer,7,bathala,1,Cash,50,2026-02-11 18:22:33,paid,,
,bina,7,bathala,2,Cash,100,2026-02-11 11:02:20,paid,,
,walked in customer,6,cherokee,1,Cash,60,2026-02-11 18:28:29,paid,,
,walked in customer,13,mindoro_diamond,1,Cash,58,2026-02-11 11:27:25,paid,,
,walked in customer,2,tristar jasmin,1,Cash,62,2026-02-11 06:34:45,paid,,
,walked in customer,6,cherokee,1,Cash,60,2026-02-11 16:29:24,paid,,
,walked in customer,8,tamaraw,0.75,Cash,42,2026-02-11 10:57:55,paid,,
,walked in customer,6,cherokee,0.5,Cash,30,2026-02-11 15:25:34,paid,,
,walked in customer,8,tamaraw,3,Cash,168,2026-02-11 16:16:04,paid,,
,walked in customer,1,jack,0.5,Cash,25,2026-02-11 18:48:32,paid,,
,walked in customer,10,super_rice,2,Cash,110,2026-02-11 13:51:05,paid,,
,walked in customer,6,cherokee,1,Cash,60,2026-02-11 11:18:34,paid,,
,walked in customer,8,tamaraw,1,Cash,56,2026-02-11 06:06:56,paid,,
,walked in customer,1,jack,1,Cash,50,2026-02-11 08:12:25,paid,,
,walked in customer,10,super_rice,5,Cash,275,2026-02-11 15:48:59,paid,,
,walked in customer,2,tristar jasmin,3,Cash,186,2026-02-11 10:40:00,paid,,
,walked in customer,7,bathala,3,Cash,156,2026-02-11 09:32:50,paid,,
,aling_rose,9,cattaleya,5,Cash,320,2026-02-11 17:40:18,paid,,
,walked in customer,13,mindoro_diamond,0.5,Cash,29,2026-02-11 10:14:57,paid,,
,walked in customer,1,jack,1,Cash,50,2026-02-12 06:46:26,paid,,
,mangbien,2,tristar jasmin,5,Cash,310,2026-02-12 11:32:50,paid,,
,darius,12,yehbebe,3,Cash,165,2026-02-12 09:06:15,paid,,
,walked in customer,1,jack,1,Cash,50,2026-02-12 13:46:23,paid,,
,walked in customer,6,cherokee,1,Cash,60,2026-02-12 08:49:14,paid,,
,walked in customer,10,super_rice,3,Cash,165,2026-02-12 06:41:43,paid,,
,walked in customer,6,cherokee,1,Cash,60,2026-02-12 10:36:01,paid,,
,walked in customer,8,tamaraw,6,Cash,336,2026-02-12 11:37:08,paid,,
,biring_salas,4,angelica sinandomeng,1,Cash,58,2026-02-12 08:22:10,paid,,
,walked in customer,10,super_rice,1.5,Cash,82.5,2026-02-12 13:01:46,paid,,
,walked in customer,5,royale,1,Cash,60,2026-02-12 19:22:09,paid,,
,walked in customer,1,jack,1,Cash,50,2026-02-12 07:10:01,paid,,
,walked in customer,1,jack,0.5,Cash,25,2026-02-12 18:15:32,paid,,
,walked in customer,1,jack,5,Cash,250,2026-02-12 07:38:45,paid,,
,walked in customer,8,tamaraw,3,Cash,168,2026-02-12 15:23:33,paid,,
,walked in customer,8,tamaraw,1,Cash,56,2026-02-12 17:45:41,paid,,
,walked in customer,4,angelica sinandomeng,3,Cash,174,2026-02-12 06:57:44,paid,,
,danny,4,angelica sinandomeng,1,Cash,58,2026-02-12 11:41:24,paid,,
,walked in customer,1,jack,1,Cash,50,2026-02-12 19:28:08,paid,,
,mikee,2,tristar jasmin,1,Cash,62,2026-02-13 07:06:56,paid,,
,walked in customer,4,angelica sinandomeng,1.5,Cash,87,2026-02-13 15:10:00,paid,,
,walked in customer,1,jack,5,Cash,250,2026-02-13 16:35:15,paid,,
,walked in customer,9,cattaleya,2,Cash,128,2026-02-13 15:46:48,paid,,
,walked in customer,1,jack,1,Cash,50,2026-02-13 12:17:17,paid,,
,walked in customer,10,super_rice,2,Cash,110,2026-02-13 12:03:10,paid,,
,walked in customer,12,yehbebe,1,Cash,55,2026-02-13 13:58:34,paid,,
,manicurista,2,tristar jasmin,2,Cash,124,2026-02-13 09:31:03,paid,,
,buboy,2,tristar jasmin,1,Cash,62,2026-02-14 18:17:27,paid,,
,walked in customer,13,mindoro_diamond,1.5,Cash,87,2026-02-14 10:22:46,paid,,
,walked in customer,8,tamaraw,0.5,Cash,28,2026-02-14 10:52:09,paid,,
,walked in customer,5,royale,5,Cash,300,2026-02-14 06:29:27,paid,,
,walked in customer,12,yehbebe,1.5,Cash,82.5,2026-02-14 17:55:55,paid,,
,darius,12,yehbebe,5,Cash,275,2026-02-14 14:03:54,paid,,
,biring_salas,4,angelica sinandomeng,1,Cash,58,2026-02-14 07:04:22,paid,,
,walked in customer,1,jack,1,Cash,50,2026-02-14 19:54:21,paid,,
,walked in customer,1,jack,6,Cash,300,2026-02-14 18:26:50,paid,,
,walked in customer,1,jack,5,Cash,250,2026-02-14 19:27:53,paid,,
,paul,9,cattaleya,5,Cash,320,2026-02-14 07:49:09,paid,,
,mikee,2,tristar jasmin,1,Cash,62,2026-02-15 13:45:27,paid,,
,walked in customer,6,cherokee,1.5,Cash,90,2026-02-15 11:53:53,paid,,
,walked in customer,14,malagkit,1.5,Cash,87,2026-02-15 11:59:55,paid,,
,bina,7,bathala,1,Cash,50,2026-02-15 16:56:54,paid,,
,manicurista,2,tristar jasmin,2,Cash,124,2026-02-15 18:26:13,paid,,
,walked in customer,10,super_rice,2,Cash,110,2026-02-15 07:08:08,paid,,
,walked in customer,1,jack,4,Cash,200,2026-02-15 09:09:57,paid,,
,walked in customer,14,malagkit,0.5,Cash,29,2026-02-15 10:46:54,paid,,
,walked in customer,11,galaxy,1,Cash,62,2026-02-15 18:15:53,paid,,
,walked in customer,14,malagkit,1,Cash,58,2026-02-15 15:25:32,paid,,
,walked in customer,10,super_rice,1,Cash,55,2026-02-15 13:19:08,paid,,
,walked in customer,8,tamaraw,25,Cash,1400,2026-02-15 18:04:53,paid,,
,walked in customer,6,cherokee,25,Cash,1500,2026-02-15 06:42:32,paid,,
,walked in customer,1,jack,1,Cash,50,2026-02-15 19:32:08,paid,,
,walked in customer,1,jack,1,Cash,50,2026-02-15 08:49:27,paid,,
,walked in customer,14,malagkit,1,Cash,58,2026-02-15 11:10:19,paid,,
,walked in customer,6,cherokee,1,Cash,60,2026-02-15 19:01:33,paid,,
,walked in customer,5,royale,0.5,Cash,30,2026-02-15 17:14:44,paid,,
,walked in customer,7,bathala,2,Cash,100,2026-02-16 14:26:33,paid,,
,walked in customer,11,galaxy,1,Cash,62,2026-02-16 13:25:26,paid,,
,walked in customer,6,cherokee,5,Cash,300,2026-02-16 13:59:01,paid,,
,walked in customer,10,super_rice,3,Cash,165,2026-02-16 18:50:00,paid,,
,walked in customer,7,bathala,1,Cash,50,2026-02-16 18:53:57,paid,,
,walked in customer,5,royale,1.5,Cash,90,2026-02-16 16:51:43,paid,,
,walked in customer,5,royale,0.5,Cash,30,2026-02-16 18:11:01,paid,,
,walked in customer,11,galaxy,2,Cash,124,2026-02-16 10:06:47,paid,,
,walked in customer,1,jack,1,Cash,50,2026-02-16 15:41:35,paid,,
,walked in customer,9,cattaleya,25,Cash,1600,2026-02-16 18:39:22,paid,,
,walked in customer,7,bathala,3,Cash,150,2026-02-16 08:17:30,paid,,
,walked in customer,1,jack,5,Cash,250,2026-02-16 18:04:37,paid,,
,walked in customer,7,bathala,3,Cash,156,2026-02-16 10:12:04,paid,,
,walked in customer,5,royale,1,Cash,60,2026-02-16 10:41:30,paid,,
,walked in customer,10,super_rice,4,Cash,220,2026-02-16 18:13:31,paid,,
,walked in customer,10,super_rice,1.5,Cash,82.5,2026-02-16 17:05:30,paid,,
,walked in customer,14,malagkit,2,Cash,116,2026-02-16 16:05:35,paid,,
,walked in customer,10,super_rice,3,Cash,165,2026-02-17 10:17:04,paid,,
,walked in customer,13,mindoro_diamond,2,Cash,116,2026-02-17 14:00:23,paid,,
,walked in customer,7,bathala,1,Cash,52,2026-02-17 15:56:15,paid,,
,walked in customer,2,tristar jasmin,1,Cash,62,2026-02-17 16:57:21,paid,,
,walked in customer,10,super_rice,2,Cash,110,2026-02-17 12:25:12,paid,,
,walked in customer,1,jack,0.5,Cash,25,2026-02-17 14:36:18,paid,,
,walked in customer,6,cherokee,5,Cash,300,2026-02-17 15:46:24,paid,,
,walked in customer,7,bathala,5,Cash,320,2026-02-17 06:51:15,paid,,
,walked in customer,5,royale,1.5,Cash,90,2026-02-17 12:38:36,paid,,
,walked in customer,7,bathala,4,Cash,208,2026-02-17 14:38:12,paid,,
,walked in customer,11,galaxy,1,Cash,62,2026-02-17 06:18:19,paid,,
,walked in customer,4,angelica sinandomeng,1,Cash,58,2026-02-17 08:19:00,paid,,
,walked in customer,7,bathala,0.75,Cash,37.5,2026-02-17 14:54:46,paid,,
,walked in customer,7,bathala,1,Cash,50,2026-02-17 12:15:54,paid,,
,walked in customer,10,super_rice,2,Cash,110,2026-02-18 08:06:39,paid,,
,walked in customer,6,cherokee,0.5,Cash,30,2026-02-18 13:56:25,paid,,
,walked in customer,10,super_rice,1,Cash,55,2026-02-18 12:20:55,paid,,
,walked in customer,1,jack,0.75,Cash,37.5,2026-02-18 07:04:32,paid,,
,walked in customer,13,mindoro_diamond,1,Cash,58,2026-02-18 17:09:08,paid,,
,walked in customer,10,super_rice,1.5,Cash,82.5,2026-02-18 10:26:31,paid,,
,walked in customer,7,bathala,0.5,Cash,25,2026-02-18 16:52:40,paid,,
,darius,12,yehbebe,1,Cash,55,2026-02-18 14:02:55,paid,,
,walked in customer,5,royale,1,Cash,60,2026-02-18 11:02:29,paid,,
,walked in customer,9,cattaleya,2,Cash,130,2026-02-18 19:33:51,paid,,
,walked in customer,12,yehbebe,6,Cash,330,2026-02-18 08:15:47,paid,,
,walked in customer,7,bathala,10,Cash,500,2026-02-18 17:03:01,paid,,
,bina,7,bathala,1,Cash,50,2026-02-19 11:35:26,paid,,
,mikee,2,tristar jasmin,1,Cash,62,2026-02-19 16:45:17,paid,,
,walked in customer,12,yehbebe,1.5,Cash,82.5,2026-02-19 13:56:55,paid,,
,walked in customer,13,mindoro_diamond,2,Cash,116,2026-02-19 16:29:49,paid,,
,walked in customer,11,galaxy,5,Cash,310,2026-02-19 12:35:05,paid,,
,walked in customer,6,cherokee,2,Cash,120,2026-02-19 15:59:24,paid,,
,walked in customer,10,super_rice,1.5,Cash,82.5,2026-02-19 18:31:28,paid,,
,walked in customer,13,mindoro_diamond,1,Cash,58,2026-02-19 15:00:50,paid,,
,walked in customer,10,super_rice,1,Cash,55,2026-02-19 19:33:11,paid,,
,walked in customer,14,malagkit,1,Cash,58,2026-02-19 11:30:14,paid,,
,walked in customer,6,cherokee,2,Cash,120,2026-02-19 09:25:16,paid,,
,walked in customer,11,galaxy,3,Cash,186,2026-02-19 10:01:18,paid,,
,walked in customer,10,super_rice,2,Cash,110,2026-02-20 11:35:38,paid,,
,walked in customer,6,cherokee,1,Cash,60,2026-02-20 14:30:19,paid,,
,walked in customer,1,jack,5,Cash,250,2026-02-20 09:41:40,paid,,
,walked in customer,1,jack,1,Cash,50,2026-02-20 11:13:19,paid,,
,walked in customer,7,bathala,1,Cash,52,2026-02-20 18:01:56,paid,,
,walked in customer,6,cherokee,1,Cash,60,2026-02-20 15:14:19,paid,,
,walked in customer,7,bathala,1,Cash,50,2026-02-20 11:27:04,paid,,
,walked in customer,6,cherokee,1,Cash,60,2026-02-20 11:56:43,paid,,
,walked in customer,13,mindoro_diamond,2,Cash,116,2026-02-20 10:50:04,paid,,
,walked in customer,1,jack,1,Cash,50,2026-02-20 17:55:51,paid,,
,walked in customer,7,bathala,6,Cash,300,2026-02-20 10:34:44,paid,,
,walked in customer,1,jack,1,Cash,50,2026-02-21 10:14:05,paid,,
,walked in customer,6,cherokee,1,Cash,60,2026-02-21 19:18:00,paid,,
,walked in customer,14,malagkit,5,Cash,290,2026-02-21 08:19:18,paid,,
,walked in customer,6,cherokee,0.5,Cash,30,2026-02-21 15:00:53,paid,,
,walked in customer,10,super_rice,0.5,Cash,27.5,2026-02-21 10:24:08,paid,,
,walked in customer,13,mindoro_diamond,5,Cash,290,2026-02-21 18:34:50,paid,,
,walked in customer,12,yehbebe,1.5,Cash,82.5,2026-02-21 10:32:12,paid,,
,manicurista,2,tristar jasmin,3,Cash,186,2026-02-21 18:46:44,paid,,
,darius,12,yehbebe,3.5,Cash,192.5,2026-02-21 12:35:22,paid,,
,walked in customer,8,tamaraw,1,Cash,56,2026-02-21 18:02:37,paid,,
,walked in customer,12,yehbebe,1,Cash,55,2026-02-21 12:05:19,paid,,
,walked in customer,2,tristar jasmin,5,Cash,320,2026-02-21 12:26:09,paid,,
,walked in customer,1,jack,10,Cash,500,2026-02-21 08:35:30,paid,,
,walked in customer,6,cherokee,1,Cash,60,2026-02-21 19:23:51,paid,,
,walked in customer,6,cherokee,0.5,Cash,30,2026-02-21 08:43:46,paid,,
,walked in customer,10,super_rice,1.5,Cash,82.5,2026-02-22 11:31:22,paid,,
,walked in customer,11,galaxy,1,Cash,62,2026-02-22 16:52:57,paid,,
,walked in customer,5,royale,1.5,Cash,90,2026-02-22 11:50:38,paid,,
,walked in customer,1,jack,1,Cash,50,2026-02-22 08:46:50,paid,,
,walked in customer,1,jack,5,Cash,250,2026-02-22 09:47:17,paid,,
,walked in customer,17,m_diamond,1,Cash,63,2026-02-22 12:22:30,paid,,
,paul,9,cattaleya,5,Cash,325,2026-02-22 18:17:50,paid,,
,walked in customer,13,mindoro_diamond,1,Cash,58,2026-02-22 09:22:47,paid,,
,walked in customer,11,galaxy,5,Cash,310,2026-02-22 11:50:19,paid,,
,walked in customer,10,super_rice,1,Cash,55,2026-02-22 07:00:22,paid,,
,walked in customer,11,galaxy,2,Cash,124,2026-02-22 18:55:40,paid,,
,walked in customer,1,jack,3,Cash,150,2026-02-22 14:51:30,paid,,
,walked in customer,1,jack,2,Cash,100,2026-02-22 15:58:27,paid,,
,walked in customer,7,bathala,5,Cash,260,2026-02-22 17:42:42,paid,,
,walked in customer,7,bathala,1,Cash,50,2026-02-22 13:56:44,paid,,
,walked in customer,6,cherokee,5,Cash,300,2026-02-22 12:09:22,paid,,
,walked in customer,11,galaxy,1,Cash,62,2026-02-23 10:36:56,paid,,
,walked in customer,12,yehbebe,2,Cash,110,2026-02-23 10:46:45,paid,,
,walked in customer,14,malagkit,3,Cash,174,2026-02-23 06:37:24,paid,,
,walked in customer,8,tamaraw,5,Cash,280,2026-02-23 09:49:21,paid,,
,walked in customer,5,royale,1,Cash,60,2026-02-23 16:47:10,paid,,
,walked in customer,11,galaxy,3,Cash,186,2026-02-23 15:55:19,paid,,
,walked in customer,5,royale,1,Cash,60,2026-02-23 12:05:53,paid,,
,walked in customer,6,cherokee,2.5,Cash,150,2026-02-23 15:43:58,paid,,
,walked in customer,1,jack,5,Cash,250,2026-02-23 10:36:55,paid,,
,walked in customer,14,malagkit,1.5,Cash,87,2026-02-23 11:42:58,paid,,
,walked in customer,10,super_rice,5,Cash,275,2026-02-23 11:26:49,paid,,
,walked in customer,6,cherokee,1,Cash,60,2026-02-23 14:09:04,paid,,
,walked in customer,7,bathala,1,Cash,52,2026-02-23 19:45:16,paid,,
,walked in customer,7,bathala,5,Cash,260,2026-02-23 10:16:16,paid,,
,walked in customer,12,yehbebe,1,Cash,55,2026-02-23 11:56:46,paid,,
,walked in customer,6,cherokee,1,Cash,60,2026-02-23 17:14:20,paid,,
,aling_nely,4,angelica sinandomeng,2,Cash,116,2026-02-23 13:59:03,paid,,
,bina,7,bathala,3,Cash,156,2026-02-24 17:10:32,paid,,
,walked in customer,11,galaxy,1,Cash,62,2026-02-24 07:15:17,paid,,
,walked in customer,5,royale,1.5,Cash,90,2026-02-24 11:28:37,paid,,
,walked in customer,11,galaxy,12,Cash,744,2026-02-24 07:05:15,paid,,
,walked in customer,11,galaxy,5,Cash,310,2026-02-24 12:52:07,paid,,
,walked in customer,7,bathala,1,Cash,52,2026-02-24 13:33:15,paid,,
,buboy,2,tristar jasmin,5,Cash,320,2026-02-24 19:48:58,paid,,
,walked in customer,1,jack,25,Cash,1250,2026-02-24 16:19:21,paid,,
,walked in customer,7,bathala,2,Cash,104,2026-02-24 15:37:52,paid,,
,walked in customer,5,royale,0.5,Cash,30,2026-02-24 19:22:59,paid,,
,walked in customer,7,bathala,1.5,Cash,75,2026-02-24 15:36:59,paid,,
,walked in customer,10,super_rice,2,Cash,110,2026-02-24 15:30:30,paid,,
,walked in customer,12,yehbebe,3,Cash,165,2026-02-25 08:22:18,paid,,
,walked in customer,11,galaxy,1,Cash,62,2026-02-25 14:03:52,paid,,
,walked in customer,6,cherokee,0.5,Cash,30,2026-02-25 14:39:01,paid,,
,biring_salas,4,angelica sinandomeng,3,Cash,174,2026-02-25 17:51:47,paid,,
,walked in customer,7,bathala,1.5,Cash,78,2026-02-25 07:18:23,paid,,
,walked in customer,6,cherokee,1,Cash,60,2026-02-25 06:12:52,paid,,
,walked in customer,7,bathala,0.5,Cash,26,2026-02-25 12:34:21,paid,,
,walked in customer,1,jack,1,Cash,50,2026-02-25 19:17:28,paid,,
,walked in customer,11,galaxy,5,Cash,310,2026-02-25 14:29:08,paid,,
,walked in customer,10,super_rice,1,Cash,55,2026-02-25 19:51:07,paid,,
,walked in customer,11,galaxy,5,Cash,310,2026-02-26 19:20:51,paid,,
,walked in customer,10,super_rice,3,Cash,165,2026-02-26 09:49:05,paid,,
,walked in customer,10,super_rice,3,Cash,165,2026-02-26 15:54:54,paid,,
,walked in customer,7,bathala,2,Cash,104,2026-02-26 13:05:28,paid,,
,walked in customer,14,malagkit,2,Cash,116,2026-02-26 15:07:29,paid,,
,walked in customer,7,bathala,1,Cash,50,2026-02-26 10:18:19,paid,,
,walked in customer,11,galaxy,1,Cash,62,2026-02-26 08:45:21,paid,,
,walked in customer,7,bathala,5,Cash,260,2026-02-26 07:18:31,paid,,
,aling_nely,4,angelica sinandomeng,1,Cash,58,2026-02-26 06:01:09,paid,,
,walked in customer,7,bathala,1,Cash,50,2026-02-26 09:26:47,paid,,
,walked in customer,7,bathala,3,Cash,156,2026-02-26 06:45:05,paid,,
,walked in customer,6,cherokee,1.5,Cash,90,2026-02-26 15:00:48,paid,,
,walked in customer,7,bathala,1,Cash,52,2026-02-27 09:07:35,paid,,
,walked in customer,13,mindoro_diamond,25,Cash,1450,2026-02-27 14:22:05,paid,,
,walked in customer,11,galaxy,1,Cash,62,2026-02-27 12:38:30,paid,,
,walked in customer,6,cherokee,0.5,Cash,30,2026-02-27 06:26:02,paid,,
,walked in customer,5,royale,1,Cash,60,2026-02-27 17:56:41,paid,,
,walked in customer,11,galaxy,1,Cash,62,2026-02-27 10:53:34,paid,,
,walked in customer,11,galaxy,1.5,Cash,93,2026-02-27 17:52:12,paid,,
,walked in customer,7,bathala,1,Cash,50,2026-02-27 16:02:42,paid,,
,walked in customer,11,galaxy,2,Cash,124,2026-02-27 08:07:26,paid,,
,walked in customer,14,malagkit,1,Cash,58,2026-02-27 10:42:52,paid,,
,mikee,2,tristar jasmin,4,Cash,256,2026-02-27 11:21:48,paid,,
,walked in customer,14,malagkit,2,Cash,116,2026-02-27 08:55:01,paid,,
,walked in customer,6,cherokee,1,Cash,60,2026-02-27 07:10:37,paid,,
,walked in customer,10,super_rice,1,Cash,55,2026-02-27 16:21:45,paid,,
,walked in customer,11,galaxy,1,Cash,62,2026-02-28 16:35:57,paid,,
,walked in customer,10,super_rice,6,Cash,330,2026-02-28 10:51:46,paid,,
,walked in customer,1,jack,2,Cash,100,2026-02-28 16:24:58,paid,,
,walked in customer,13,mindoro_diamond,5,Cash,290,2026-02-28 18:53:01,paid,,
,walked in customer,11,galaxy,1,Cash,62,2026-02-28 07:30:57,paid,,
,walked in customer,13,mindoro_diamond,3,Cash,174,2026-02-28 07:52:56,paid,,
,walked in customer,5,royale,0.5,Cash,30,2026-02-28 06:57:39,paid,,
,walked in customer,14,malagkit,2,Cash,116,2026-02-28 07:40:30,paid,,
,walked in customer,7,bathala,1,Cash,52,2026-02-28 19:07:45,paid,,
,walked in customer,11,galaxy,1,Cash,62,2026-02-28 19:22:25,paid,,
,bina,7,bathala,7,Cash,364,2026-02-28 12:10:24,paid,,
,walked in customer,10,super_rice,4,Cash,220,2026-03-01 15:10:06,paid,,
,walked in customer,7,bathala,10,Cash,520,2026-03-01 11:10:06,paid,,
,darius,12,yehbebe,3,Cash,165,2026-03-01 07:30:43,paid,,
,walked in customer,11,galaxy,1,Cash,62,2026-03-01 10:02:32,paid,,
,walked in customer,10,super_rice,1,Cash,55,2026-03-01 15:58:18,paid,,
,walked in customer,12,yehbebe,2,Cash,110,2026-03-01 06:53:11,paid,,
,walked in customer,12,yehbebe,3,Cash,165,2026-03-02 12:08:26,paid,,
,walked in customer,5,royale,1.5,Cash,90,2026-03-02 13:39:51,paid,,
,walked in customer,11,galaxy,4,Cash,248,2026-03-02 15:48:05,paid,,
,walked in customer,17,m_diamond,1,Cash,63,2026-03-02 08:10:16,paid,,
,walked in customer,12,yehbebe,3,Cash,165,2026-03-02 13:01:22,paid,,
,walked in customer,11,galaxy,1,Cash,62,2026-03-02 13:04:57,paid,,
,walked in customer,5,royale,5,Cash,300,2026-03-02 06:09:38,paid,,
,walked in customer,5,royale,5,Cash,300,2026-03-03 10:49:20,paid,,
,walked in customer,7,bathala,3,Cash,156,2026-03-03 18:34:12,paid,,
,walked in customer,11,galaxy,1,Cash,62,2026-03-03 09:51:21,paid,,
,walked in customer,11,galaxy,25,Cash,1550,2026-03-03 19:49:15,paid,,
,walked in customer,7,bathala,0.5,Cash,26,2026-03-03 06:23:37,paid,,
,walked in customer,11,galaxy,4,Cash,248,2026-03-03 14:54:34,paid,,
,walked in customer,4,angelica sinandomeng,1,Cash,58,2026-03-03 08:14:43,paid,,
,walked in customer,7,bathala,6,Cash,312,2026-03-03 06:27:16,paid,,
,walked in customer,11,galaxy,1,Cash,62,2026-03-03 07:12:06,paid,,
,danny,4,angelica sinandomeng,2,Cash,116,2026-03-03 11:20:50,paid,,
,walked in customer,11,galaxy,1,Cash,62,2026-03-03 13:05:04,paid,,
,walked in customer,8,tamaraw,2,Cash,114,2026-03-03 11:35:45,paid,,
,walked in customer,5,royale,3,Cash,180,2026-03-03 08:11:10,paid,,
,walked in customer,11,galaxy,1,Cash,62,2026-03-03 13:01:46,paid,,
,walked in customer,7,bathala,1,Cash,52,2026-03-03 17:41:48,paid,,
,walked in customer,11,galaxy,1,Cash,62,2026-03-03 17:35:18,paid,,
,walked in customer,7,bathala,1.5,Cash,78,2026-03-03 06:42:22,paid,,
,mikee,2,tristar jasmin,4,Cash,256,2026-03-03 11:41:42,paid,,
,walked in customer,14,malagkit,1,Cash,58,2026-03-03 06:10:20,paid,,
,walked in customer,11,galaxy,1,Cash,62,2026-03-03 06:49:38,paid,,
,walked in customer,11,galaxy,1,Cash,62,2026-03-03 18:52:30,paid,,
,walked in customer,11,galaxy,1,Cash,62,2026-03-03 14:10:22,paid,,
,walked in customer,6,cherokee,1,Cash,60,2026-03-04 10:41:26,paid,,
,walked in customer,6,cherokee,3,Cash,180,2026-03-04 12:57:41,paid,,
,walked in customer,11,galaxy,1,Cash,62,2026-03-04 11:44:19,paid,,
,walked in customer,11,galaxy,3,Cash,186,2026-03-04 13:43:05,paid,,
,biring_salas,4,angelica sinandomeng,1,Cash,58,2026-03-04 17:07:24,paid,,
,walked in customer,5,royale,25,Cash,1500,2026-03-04 18:45:21,paid,,
,walked in customer,5,royale,1,Cash,60,2026-03-04 10:30:40,paid,,
,walked in customer,11,galaxy,3,Cash,186,2026-03-04 15:25:02,paid,,
,walked in customer,14,malagkit,1,Cash,58,2026-03-04 08:53:31,paid,,
,walked in customer,11,galaxy,1,Cash,62,2026-03-04 08:02:08,paid,,
,walked in customer,7,bathala,1,Cash,52,2026-03-04 09:09:17,paid,,
,walked in customer,11,galaxy,1,Cash,62,2026-03-04 11:42:02,paid,,
,walked in customer,5,royale,2,Cash,120,2026-03-04 13:59:13,paid,,
,walked in customer,11,galaxy,2,Cash,124,2026-03-04 09:33:11,paid,,
,buboy,2,tristar jasmin,1,Cash,64,2026-03-06 06:52:05,paid,,
,danny,4,angelica sinandomeng,5,Cash,290,2026-03-06 07:31:04,paid,,
,walked in customer,7,bathala,0.5,Cash,26,2026-03-06 17:09:43,paid,,
,walked in customer,11,galaxy,1,Cash,62,2026-03-06 10:42:36,paid,,
,walked in customer,5,royale,1,Cash,60,2026-03-06 06:30:20,paid,,
,walked in customer,7,bathala,3,Cash,156,2026-03-06 18:55:10,paid,,
,walked in customer,7,bathala,1.5,Cash,78,2026-03-06 18:37:54,paid,,
,walked in customer,13,mindoro_diamond,1,Cash,58,2026-03-06 14:51:34,paid,,
,walked in customer,7,bathala,3,Cash,156,2026-03-06 19:35:35,paid,,
,walked in customer,6,cherokee,1,Cash,60,2026-03-06 15:39:53,paid,,
,walked in customer,11,galaxy,1,Cash,62,2026-03-06 18:04:40,paid,,
,walked in customer,1,jack,1,Cash,50,2026-03-06 07:23:10,paid,,
,walked in customer,9,cattaleya,0.5,Cash,33,2026-03-06 18:26:46,paid,,
,walked in customer,5,royale,10,Cash,600,2026-03-06 06:03:25,paid,,
,walked in customer,1,jack,1,Cash,50,2026-03-06 14:27:25,paid,,
,walked in customer,11,galaxy,0.5,Cash,31,2026-03-06 16:55:31,paid,,
,walked in customer,7,bathala,3,Cash,156,2026-03-07 16:54:33,paid,,
,walked in customer,5,royale,0.5,Cash,30,2026-03-07 16:26:46,paid,,
,walked in customer,11,galaxy,1,Cash,62,2026-03-07 19:57:52,paid,,
,walked in customer,11,galaxy,0.5,Cash,31,2026-03-07 16:55:40,paid,,
,walked in customer,11,galaxy,1,Cash,62,2026-03-07 11:27:17,paid,,
,walked in customer,2,tristar jasmin,4,Cash,256,2026-03-07 12:47:57,paid,,
,lyn,18,cherry blossom,5,Cash,300,2026-03-07 10:33:37,paid,,
,walked in customer,7,bathala,1,Cash,52,2026-03-07 13:19:15,paid,,
,walked in customer,14,malagkit,2,Cash,116,2026-03-07 11:45:53,paid,,
,walked in customer,7,bathala,2,Cash,104,2026-03-07 07:21:15,paid,,
,walked in customer,8,tamaraw,1,Cash,57,2026-03-08 11:42:21,paid,,
,walked in customer,7,bathala,2,Cash,104,2026-03-08 10:14:02,paid,,
,walked in customer,8,tamaraw,1,Cash,57,2026-03-08 14:30:46,paid,,
,walked in customer,11,galaxy,1,Cash,62,2026-03-08 17:42:22,paid,,
,walked in customer,18,cherry blossom,2,Cash,120,2026-03-08 12:23:15,paid,,
,walked in customer,14,malagkit,1,Cash,58,2026-03-08 17:40:23,paid,,
,walked in customer,7,bathala,1,Cash,52,2026-03-09 09:49:47,paid,,
,walked in customer,8,tamaraw,3,Cash,171,2026-03-09 18:39:59,paid,,
,walked in customer,11,galaxy,25,Cash,1550,2026-03-09 17:06:52,paid,,
,manicurista,2,tristar jasmin,4,Cash,256,2026-03-09 14:37:49,paid,,
,walked in customer,11,galaxy,2,Cash,124,2026-03-09 18:53:37,paid,,
,walked in customer,8,tamaraw,25,Cash,1425,2026-03-09 08:56:26,paid,,
,bina,7,bathala,5,Cash,260,2026-03-09 16:23:20,paid,,
,walked in customer,11,galaxy,1,Cash,62,2026-03-09 12:23:30,paid,,
,walked in customer,7,bathala,1,Cash,52,2026-03-09 09:14:22,paid,,
,walked in customer,17,m_diamond,2,Cash,126,2026-03-09 15:02:34,paid,,
,walked in customer,7,bathala,1,Cash,52,2026-03-09 11:07:42,paid,,
,walked in customer,7,bathala,1,Cash,52,2026-03-10 11:47:42,paid,,
,walked in customer,11,galaxy,1,Cash,62,2026-03-10 07:42:27,paid,,
,walked in customer,6,cherokee,3,Cash,180,2026-03-10 15:56:23,paid,,
,walked in customer,7,bathala,3,Cash,156,2026-03-10 09:42:10,paid,,
,walked in customer,11,galaxy,3,Cash,186,2026-03-10 16:50:34,paid,,
,walked in customer,7,bathala,1,Cash,52,2026-03-10 09:28:47,paid,,
,walked in customer,6,cherokee,1.5,Cash,90,2026-03-10 15:40:06,paid,,
,walked in customer,11,galaxy,0.5,Cash,31,2026-03-10 09:36:48,paid,,
,walked in customer,7,bathala,1,Cash,52,2026-03-11 11:25:23,paid,,
,walked in customer,8,tamaraw,2,Cash,114,2026-03-11 11:21:17,paid,,
,walked in customer,11,galaxy,1,Cash,62,2026-03-11 19:36:57,paid,,
,walked in customer,6,cherokee,2,Cash,120,2026-03-11 15:23:30,paid,,
,aling_nely,4,angelica sinandomeng,3,Cash,174,2026-03-11 17:56:14,paid,,
,darius,12,yehbebe,1,Cash,55,2026-03-11 18:19:00,paid,,
,biring_salas,4,angelica sinandomeng,1,Cash,58,2026-03-11 09:17:05,paid,,
,walked in customer,7,bathala,7,Cash,364,2026-03-11 18:02:21,paid,,
,walked in customer,11,galaxy,1,Cash,62,2026-03-11 14:20:53,paid,,
,mikee,2,tristar jasmin,0.75,Cash,48,2026-03-11 18:31:47,paid,,
,walked in customer,4,angelica sinandomeng,1,Cash,58,2026-03-11 12:10:33,paid,,
,walked in customer,7,bathala,1,Cash,52,2026-03-11 17:15:15,paid,,
,walked in customer,11,galaxy,1,Cash,62,2026-03-11 17:35:05,paid,,
,walked in customer,18,cherry blossom,1,Cash,60,2026-03-11 07:09:55,paid,,
,walked in customer,5,royale,3,Cash,180,2026-03-12 13:56:27,paid,,
,manicurista,2,tristar jasmin,1,Cash,62,2026-03-12 17:48:28,paid,,
,mikee,2,tristar jasmin,1,Cash,62,2026-03-12 16:19:33,paid,,
,mikee,4,angelica sinandomeng,1.5,Cash,87,2026-03-12 09:55:45,paid,,
,mikee,11,galaxy,5,Cash,325,2026-03-12 19:08:13,paid,,
,mikee,2,tristar jasmin,2,Cash,124,2026-03-12 07:44:11,paid,,
,danny,4,angelica sinandomeng,1,Cash,58,2026-03-12 06:59:11,paid,,
,walked in customer,6,cherokee,1,Cash,60,2026-03-12 06:47:54,paid,,
,walked in customer,7,bathala,1,Cash,52,2026-03-12 18:48:02,paid,,
,walked in customer,4,angelica sinandomeng,1.5,Cash,87,2026-03-12 18:30:11,paid,,
,aling_conching,18,cherry blossom,10,Cash,600,2026-03-12 11:11:41,paid,,
,lyn,18,cherry blossom,1.5,Cash,90,2026-03-12 07:18:46,paid,,
,walked in customer,4,angelica sinandomeng,1,Cash,58,2026-03-12 11:38:06,paid,,
,walked in customer,8,tamaraw,3,Cash,171,2026-03-12 13:57:52,paid,,
,walked in customer,7,bathala,1,Cash,52,2026-03-12 17:12:55,paid,,
,walked in customer,4,angelica sinandomeng,1,Cash,58,2026-03-12 06:47:37,paid,,
,walked in customer,18,cherry blossom,1,Cash,60,2026-03-12 10:50:37,paid,,
,walked in customer,17,m_diamond,25,Cash,1575,2026-03-14 11:50:16,paid,,
,buboy,2,tristar jasmin,0.75,Cash,46.5,2026-03-14 11:37:16,paid,,
,walked in customer,4,angelica sinandomeng,1.5,Cash,87,2026-03-14 06:03:33,paid,,
,walked in customer,6,cherokee,3,Cash,180,2026-03-14 18:36:15,paid,,
,mangbien,2,tristar jasmin,5,Cash,310,2026-03-14 16:25:24,paid,,
,walked in customer,8,tamaraw,3,Cash,171,2026-03-14 07:03:18,paid,,
,walked in customer,18,cherry blossom,1.5,Cash,90,2026-03-14 11:36:54,paid,,
,walked in customer,4,angelica sinandomeng,0.75,Cash,43.5,2026-03-14 12:47:44,paid,,
,walked in customer,2,tristar jasmin,2,Cash,124,2026-03-14 16:34:13,paid,,
,walked in customer,5,royale,1,Cash,60,2026-03-14 11:08:40,paid,,
,walked in customer,2,tristar jasmin,5,Cash,310,2026-03-14 12:52:26,paid,,
,walked in customer,18,cherry blossom,1.5,Cash,90,2026-03-14 09:54:52,paid,,
,walked in customer,4,angelica sinandomeng,1,Cash,58,2026-03-14 14:18:23,paid,,
,walked in customer,2,tristar jasmin,5,Cash,310,2026-03-14 10:33:03,paid,,
,walked in customer,5,royale,3,Cash,180,2026-03-15 07:43:53,paid,,
,walked in customer,7,bathala,1,Cash,50,2026-03-15 06:07:20,paid,,
,walked in customer,2,tristar jasmin,2,Cash,124,2026-03-15 15:10:00,paid,,
,walked in customer,2,tristar jasmin,1,Cash,62,2026-03-15 10:43:34,paid,,
,walked in customer,2,tristar jasmin,0.5,Cash,31,2026-03-15 07:47:29,paid,,
,walked in customer,14,malagkit,1,Cash,58,2026-03-15 07:03:25,paid,,
,walked in customer,18,cherry blossom,3,Cash,180,2026-03-15 19:03:21,paid,,
,walked in customer,4,angelica sinandomeng,1.25,Cash,70,2026-03-15 18:14:26,paid,,
,walked in customer,18,cherry blossom,5,Cash,300,2026-03-15 19:39:55,paid,,
,walked in customer,14,malagkit,0.5,Cash,29,2026-03-15 08:25:32,paid,,
,walked in customer,14,malagkit,5,Cash,290,2026-03-15 06:28:35,paid,,
,walked in customer,7,bathala,1,Cash,52,2026-03-15 12:31:25,paid,,
,walked in customer,7,bathala,1,Cash,52,2026-03-15 17:07:20,paid,,
,walked in customer,6,cherokee,1,Cash,60,2026-03-15 13:27:34,paid,,
,walked in customer,14,malagkit,1,Cash,58,2026-03-15 13:07:12,paid,,
,walked in customer,2,tristar jasmin,0.5,Cash,31,2026-03-15 07:31:00,paid,,
,walked in customer,2,tristar jasmin,3,Cash,186,2026-03-15 16:22:27,paid,,
,walked in customer,14,malagkit,1,Cash,58,2026-03-15 18:04:29,paid,,
,walked in customer,2,tristar jasmin,5,Cash,310,2026-03-15 10:12:05,paid,,
,walked in customer,14,malagkit,2,Cash,116,2026-03-15 13:05:16,paid,,
,walked in customer,17,m_diamond,5,Cash,315,2026-03-15 11:29:37,paid,,
,bina,7,bathala,5,Cash,260,2026-03-16 18:01:05,paid,,
,buboy,2,tristar jasmin,1,Cash,62,2026-03-16 12:27:01,paid,,
,lenlen,19,buco_pandan,25,Cash,1500,2026-03-16 09:05:37,paid,,
,memang,19,buco_pandan,1.5,Cash,90,2026-03-16 06:51:47,paid,,
,mikee,2,tristar jasmin,1,Cash,62,2026-03-16 18:24:43,paid,,
,paul,9,cattaleya,1,Cash,66,2026-03-16 16:25:42,paid,,
,paul,9,cattaleya,25,Cash,1650,2026-03-16 17:42:27,paid,,
,walked in customer,2,tristar jasmin,4,Cash,248,2026-03-16 18:37:50,paid,,
,walked in customer,19,buco_pandan,1,Cash,60,2026-03-16 06:56:03,paid,,
,walked in customer,14,malagkit,1,Cash,58,2026-03-16 10:45:43,paid,,
,walked in customer,7,bathala,1,Cash,50,2026-03-16 16:01:40,paid,,
,walked in customer,2,tristar jasmin,1,Cash,62,2026-03-16 09:25:25,paid,,
,walked in customer,19,buco_pandan,1,Cash,60,2026-03-16 13:21:55,paid,,
,walked in customer,6,cherokee,5,Cash,300,2026-03-17 16:59:47,paid,,
,walked in customer,7,bathala,1,Cash,52,2026-03-17 17:06:04,paid,,
,walked in customer,7,bathala,1,Cash,50,2026-03-17 18:01:46,paid,,
,walked in customer,5,royale,0.5,Cash,30,2026-03-17 06:26:20,paid,,
,walked in customer,17,m_diamond,10,Cash,630,2026-03-17 07:04:48,paid,,
,walked in customer,2,tristar jasmin,1.5,Cash,93,2026-03-17 07:15:40,paid,,
,walked in customer,7,bathala,0.75,Cash,39,2026-03-17 16:23:59,paid,,
,walked in customer,6,cherokee,2,Cash,120,2026-03-17 13:48:21,paid,,
,walked in customer,5,royale,1,Cash,60,2026-03-17 06:58:41,paid,,
,walked in customer,17,m_diamond,0.5,Cash,31.5,2026-03-17 11:10:30,paid,,
,walked in customer,12,yehbebe,1,Cash,55,2026-03-17 14:09:59,paid,,
,walked in customer,5,royale,1,Cash,60,2026-03-17 14:29:32,paid,,
,walked in customer,6,cherokee,1,Cash,60,2026-03-17 13:35:43,paid,,
,walked in customer,14,malagkit,1,Cash,58,2026-03-17 11:08:39,paid,,
,walked in customer,7,bathala,2,Cash,104,2026-03-17 09:52:49,paid,,
,walked in customer,2,tristar jasmin,1,Cash,62,2026-03-18 09:29:15,paid,,
,walked in customer,2,tristar jasmin,1,Cash,62,2026-03-18 16:02:35,paid,,
,walked in customer,9,cattaleya,5,Cash,330,2026-03-18 14:03:08,paid,,
,walked in customer,2,tristar jasmin,2,Cash,124,2026-03-18 16:23:45,paid,,
,walked in customer,6,cherokee,25,Cash,1500,2026-03-18 19:02:40,paid,,
,walked in customer,14,malagkit,1,Cash,58,2026-03-18 14:21:20,paid,,
,walked in customer,7,bathala,1,Cash,50,2026-03-19 11:54:05,paid,,
,mikee,2,tristar jasmin,1,Cash,62,2026-03-19 17:12:48,paid,,
,buboy,2,tristar jasmin,1,Cash,62,2026-03-19 06:53:58,paid,,
,walked in customer,2,tristar jasmin,1.5,Cash,93,2026-03-19 08:58:47,paid,,
,lenlen,19,buco_pandan,25,Cash,1500,2026-03-19 06:05:19,paid,,
,bina,7,bathala,1,Cash,50,2026-03-19 07:10:59,paid,,
,army,20,mangyan,25,Cash,1500,2026-03-19 09:56:35,paid,,
,walked in customer,6,cherokee,1,Cash,60,2026-03-19 16:48:39,paid,,
,walked in customer,6,cherokee,1.25,Cash,75,2026-03-20 09:29:56,paid,,
,walked in customer,7,bathala,2,Cash,100,2026-03-20 16:44:37,paid,,
,walked in customer,2,tristar jasmin,1,Cash,62,2026-03-20 06:52:30,paid,,
,walked in customer,19,buco_pandan,1,Cash,60,2026-03-20 16:08:49,paid,,
,walked in customer,5,royale,0.5,Cash,30,2026-03-20 12:04:58,paid,,
,walked in customer,19,buco_pandan,1,Cash,60,2026-03-20 11:49:14,paid,,
,paul,9,cattaleya,5,Cash,330,2026-03-20 07:04:25,paid,,
,manicurista,2,tristar jasmin,5,Cash,310,2026-03-20 19:44:30,paid,,
,walked in customer,6,cherokee,1,Cash,60,2026-03-20 14:52:34,paid,,
,walked in customer,19,buco_pandan,1,Cash,60,2026-03-20 11:40:13,paid,,
,walked in customer,6,cherokee,1,Cash,60,2026-03-20 09:17:09,paid,,
,memang,19,buco_pandan,1,Cash,60,2026-03-20 18:07:59,paid,,
,walked in customer,2,tristar jasmin,5,Cash,310,2026-03-21 12:23:41,paid,,
,walked in customer,14,malagkit,1,Cash,58,2026-03-21 08:16:32,paid,,
,walked in customer,2,tristar jasmin,1,Cash,62,2026-03-21 18:49:06,paid,,
,walked in customer,5,royale,1,Cash,60,2026-03-21 18:35:19,paid,,
,walked in customer,14,malagkit,0.75,Cash,43.5,2026-03-21 18:00:03,paid,,
,walked in customer,6,cherokee,15,Cash,900,2026-03-21 19:25:27,paid,,
,walked in customer,2,tristar jasmin,1,Cash,62,2026-03-21 09:39:40,paid,,
,walked in customer,18,cherry blossom,5,Cash,300,2026-03-22 08:23:20,paid,,
,walked in customer,18,cherry blossom,1.5,Cash,90,2026-03-22 13:10:46,paid,,
,walked in customer,8,tamaraw,2,Cash,114,2026-03-22 07:19:15,paid,,
,walked in customer,20,mangyan,1.5,Cash,90,2026-03-22 16:25:13,paid,,
,walked in customer,19,buco_pandan,2,Cash,120,2026-03-22 18:42:35,paid,,
,walked in customer,8,tamaraw,1,Cash,57,2026-03-22 11:42:45,paid,,
,walked in customer,18,cherry blossom,1.5,Cash,90,2026-03-22 07:27:37,paid,,
,walked in customer,18,cherry blossom,1,Cash,60,2026-03-22 12:04:05,paid,,
,walked in customer,8,tamaraw,2,Cash,114,2026-03-22 17:06:54,paid,,
,walked in customer,2,tristar jasmin,1,Cash,60,2026-03-22 17:27:05,paid,,
,walked in customer,19,buco_pandan,2,Cash,120,2026-03-23 06:35:32,paid,,
,walked in customer,20,mangyan,3,Cash,180,2026-03-23 13:20:13,paid,,
,walked in customer,18,cherry blossom,1.5,Cash,90,2026-03-23 16:35:27,paid,,
,walked in customer,9,cattaleya,1,Cash,66,2026-03-23 17:48:32,paid,,
,walked in customer,20,mangyan,1,Cash,60,2026-03-23 19:52:06,paid,,
,walked in customer,2,tristar jasmin,2,Cash,124,2026-03-23 16:05:11,paid,,
,walked in customer,18,cherry blossom,1,Cash,60,2026-03-23 09:10:24,paid,,
,walked in customer,18,cherry blossom,1,Cash,60,2026-03-23 06:11:11,paid,,
,walked in customer,20,mangyan,1,Cash,60,2026-03-23 15:43:26,paid,,
,walked in customer,14,malagkit,1,Cash,58,2026-03-23 06:10:18,paid,,
,walked in customer,11,galaxy,5,Cash,325,2026-03-24 10:31:30,paid,,
,walked in customer,2,tristar jasmin,1,Cash,62,2026-03-24 09:20:31,paid,,
,walked in customer,17,m_diamond,1,Cash,63,2026-03-24 14:41:49,paid,,
,walked in customer,21,red jasmin,1,Cash,62,2026-03-24 09:13:00,paid,,
,walked in customer,8,tamaraw,1,Cash,57,2026-03-24 06:17:43,paid,,
,walked in customer,19,buco_pandan,1,Cash,60,2026-03-24 14:10:34,paid,,
,walked in customer,2,tristar jasmin,1.5,Cash,93,2026-03-24 17:12:42,paid,,
,walked in customer,8,tamaraw,7,Cash,399,2026-03-24 13:16:01,paid,,
,walked in customer,9,cattaleya,5,Cash,330,2026-03-24 07:47:42,paid,,
,walked in customer,11,galaxy,5,Cash,325,2026-03-24 18:34:53,paid,,
,walked in customer,14,malagkit,1,Cash,58,2026-03-24 13:23:24,paid,,
,walked in customer,21,red jasmin,1.5,Cash,93,2026-03-24 13:33:18,paid,,
,walked in customer,20,mangyan,3,Cash,180,2026-03-25 17:21:49,paid,,
,walked in customer,18,cherry blossom,1,Cash,60,2026-03-25 10:50:27,paid,,
,walked in customer,20,mangyan,2,Cash,120,2026-03-25 11:08:49,paid,,
,walked in customer,20,mangyan,5,Cash,300,2026-03-25 16:32:45,paid,,
,walked in customer,2,tristar jasmin,1.5,Cash,93,2026-03-25 12:52:19,paid,,
,walked in customer,20,mangyan,1.5,Cash,90,2026-03-25 09:36:30,paid,,
,walked in customer,3,blueberry,1,Cash,56,2026-03-25 19:14:05,paid,,
,walked in customer,18,cherry blossom,10,Cash,600,2026-03-25 15:04:26,paid,,
,walked in customer,18,cherry blossom,1,Cash,60,2026-03-25 08:02:16,paid,,
,walked in customer,8,tamaraw,1,Cash,57,2026-03-25 13:43:07,paid,,
,walked in customer,2,tristar jasmin,1,Cash,62,2026-03-25 15:28:41,paid,,
,walked in customer,14,malagkit,1,Cash,58,2026-03-25 07:41:18,paid,,
,walked in customer,20,mangyan,2,Cash,120,2026-03-25 12:39:38,paid,,
,walked in customer,1,jack,1,Cash,58,2026-03-26 07:59:52,paid,,
,walked in customer,3,blueberry,0.5,Cash,28,2026-03-26 19:13:06,paid,,
,walked in customer,9,cattaleya,0.75,Cash,49.5,2026-03-26 13:20:24,paid,,
,walked in customer,18,cherry blossom,1,Cash,60,2026-03-26 18:29:57,paid,,
,walked in customer,18,cherry blossom,25,Cash,1500,2026-03-26 11:49:57,paid,,
,walked in customer,11,galaxy,0.5,Cash,32.5,2026-03-26 08:56:19,paid,,
,walked in customer,2,tristar jasmin,2,Cash,124,2026-03-26 07:13:39,paid,,
,walked in customer,4,angelica sinandomeng,1,Cash,56,2026-03-26 06:18:48,paid,,
,walked in customer,2,tristar jasmin,1.5,Cash,93,2026-03-26 17:33:13,paid,,
,walked in customer,8,tamaraw,5,Cash,285,2026-03-26 09:11:38,paid,,
,walked in customer,2,tristar jasmin,1,Cash,62,2026-03-26 13:00:35,paid,,
,walked in customer,18,cherry blossom,25,Cash,1500,2026-03-26 09:35:17,paid,,
,walked in customer,8,tamaraw,2,Cash,114,2026-03-26 07:39:26,paid,,
,walked in customer,4,angelica sinandomeng,1,Cash,56,2026-03-26 17:17:55,paid,,
,walked in customer,2,tristar jasmin,1,Cash,62,2026-03-26 12:39:07,paid,,
,walked in customer,3,blueberry,1,Cash,56,2026-03-27 18:37:54,paid,,
,walked in customer,3,blueberry,0.5,Cash,28,2026-03-27 13:33:16,paid,,
,walked in customer,3,blueberry,3,Cash,168,2026-03-27 13:45:07,paid,,
,walked in customer,14,malagkit,1,Cash,58,2026-03-27 19:56:09,paid,,
,walked in customer,2,tristar jasmin,1,Cash,62,2026-03-27 15:06:15,paid,,
,walked in customer,18,cherry blossom,1,Cash,60,2026-03-27 13:53:10,paid,,
,walked in customer,9,cattaleya,1,Cash,66,2026-03-27 15:04:55,paid,,
,walked in customer,2,tristar jasmin,1,Cash,62,2026-03-27 17:06:04,paid,,
,walked in customer,18,cherry blossom,5,Cash,300,2026-03-27 11:35:14,paid,,
,walked in customer,2,tristar jasmin,1,Cash,62,2026-03-27 11:28:28,paid,,
,walked in customer,2,tristar jasmin,1,Cash,62,2026-03-27 19:41:48,paid,,
,walked in customer,11,galaxy,8,Cash,520,2026-03-27 10:13:20,paid,,
,walked in customer,18,cherry blossom,1,Cash,60,2026-03-27 19:32:56,paid,,
,walked in customer,8,tamaraw,1,Cash,57,2026-03-27 12:43:04,paid,,
,walked in customer,18,cherry blossom,25,Cash,1500,2026-03-27 18:24:04,paid,,
,walked in customer,17,m_diamond,1.5,Cash,94.5,2026-03-28 16:27:33,paid,,
,walked in customer,20,mangyan,2,Cash,120,2026-03-28 18:56:36,paid,1,jack
,walked in customer,2,tristar jasmin,1,Cash,62,2026-03-28 08:35:00,paid,2,tristar jasmin
,walked in customer,18,cherry blossom,1,Cash,60,2026-03-28 15:24:46,paid,3,blueberry
,walked in customer,18,cherry blossom,0.5,Cash,30,2026-03-28 18:47:38,paid,4,angelica sinandomeng
,walked in customer,2,tristar jasmin,1,Cash,62,2026-03-28 10:06:27,paid,5,royale
,walked in customer,11,galaxy,2,Cash,130,2026-03-28 14:05:42,paid,6,cherokee
,walked in customer,18,cherry blossom,1,Cash,60,2026-03-28 16:30:29,paid,7,bathala
,walked in customer,20,mangyan,3,Cash,180,2026-03-29 10:04:16,paid,8,tamaraw
,walked in customer,2,tristar jasmin,1,Cash,62,2026-03-29 07:47:38,paid,9,cattaleya
,walked in customer,6,cherokee,1,Cash,60,2026-03-29 09:11:19,paid,10,super rice
,walked in customer,21,red jasmin,25,Cash,1625,2026-03-29 17:50:12,paid,11,galaxy
,walked in customer,20,mangyan,2,Cash,120,2026-03-29 10:17:50,paid,12,yehbebe
,walked in customer,11,galaxy,8,Cash,520,2026-03-29 14:03:14,paid,13,mindoro diamond
,walked in customer,18,cherry blossom,1.5,Cash,90,2026-03-29 14:23:21,paid,14,malagkit
,walked in customer,4,angelica sinandomeng,12.5,Cash,700,2026-03-29 14:08:59,paid,15,jasmin
,walked in customer,3,blueberry,5,Cash,280,2026-03-29 14:16:19,paid,16,angelica
,walked in customer,1,jack,1,Cash,58,2026-03-29 19:17:12,paid,17,m diamond
,walked in customer,9,cattaleya,1,Cash,66,2026-03-29 08:29:18,paid,18,cherry blossom
,walked in customer,21,red jasmin,1,Cash,65,2026-03-29 15:30:18,paid,19,buco pandan
,walked in customer,21,red jasmin,1,Cash,65,2026-03-29 07:58:43,paid,20,mangyan
,walked in customer,21,red jasmin,1,Cash,65,2026-03-29 09:46:44,paid,21,red jasmin
,walked in customer,4,angelica sinandomeng,1,Cash,56,2026-03-29 12:42:43,paid,,
,walked in customer,20,mangyan,1,Cash,60,2026-03-29 10:50:38,paid,,
,walked in customer,2,tristar jasmin,1,Cash,62,2026-03-29 06:54:09,paid,,
,walked in customer,4,angelica sinandomeng,3.5,Cash,196,2026-03-29 16:38:13,paid,,
,walked in customer,4,angelica sinandomeng,1.5,Cash,84,2026-03-29 16:13:47,paid,,
,walked in customer,20,mangyan,1,Cash,60,2026-04-01 11:16:27,paid,,
,walked in customer,4,angelica sinandomeng,1,Cash,60,2026-04-01 14:35:43,paid,,
,walked in customer,6,cherokee,1,Cash,60,2026-04-01 06:17:41,paid,,
,walked in customer,6,cherokee,1,Cash,60,2026-04-01 15:34:17,paid,,
,walked in customer,4,angelica sinandomeng,0.5,Cash,30,2026-04-01 11:41:14,paid,,
,walked in customer,3,blueberry,10,Cash,560,2026-04-01 07:57:11,paid,,
,walked in customer,14,malagkit,3,Cash,174,2026-04-01 10:31:41,paid,,
,walked in customer,2,tristar jasmin,1.5,Cash,93,2026-04-01 09:23:29,paid,,
,walked in customer,20,mangyan,1,Cash,60,2026-04-01 06:29:58,paid,,
,walked in customer,4,angelica sinandomeng,1.5,Cash,90,2026-04-02 06:15:22,paid,,
,walked in customer,9,cattaleya,1,Cash,65,2026-04-02 18:12:09,paid,,
,walked in customer,6,cherokee,2,Cash,120,2026-04-02 18:32:06,paid,,
,walked in customer,4,angelica sinandomeng,1,Cash,60,2026-04-02 13:21:01,paid,,
,walked in customer,20,mangyan,1,Cash,60,2026-04-02 14:48:27,paid,,
,walked in customer,4,angelica sinandomeng,1,Cash,60,2026-04-02 07:39:19,paid,,
,walked in customer,14,malagkit,1,Cash,58,2026-04-03 10:44:01,paid,,
,walked in customer,4,angelica sinandomeng,1,Cash,60,2026-04-03 06:01:47,paid,,
,walked in customer,14,malagkit,0.5,Cash,29,2026-04-03 10:53:26,paid,,
,walked in customer,4,angelica sinandomeng,1,Cash,60,2026-04-03 15:41:38,paid,,
,walked in customer,6,cherokee,2,Cash,120,2026-04-03 15:07:21,paid,,
,walked in customer,21,red jasmin,1,Cash,60,2026-04-03 13:47:14,paid,,
,walked in customer,6,cherokee,1,Cash,60,2026-04-03 10:54:26,paid,,
,walked in customer,4,angelica sinandomeng,2,Cash,120,2026-04-03 11:41:38,paid,,
,walked in customer,14,malagkit,0.5,Cash,29,2026-04-03 11:27:44,paid,,
,walked in customer,14,malagkit,1,Cash,58,2026-04-03 10:02:35,paid,,
,walked in customer,3,blueberry,2,Cash,112,2026-04-03 12:24:37,paid,,
,walked in customer,4,angelica sinandomeng,1,Cash,60,2026-04-03 15:57:34,paid,,
,walked in customer,3,blueberry,1.5,Cash,84,2026-04-04 07:04:51,paid,,
,walked in customer,20,mangyan,2,Cash,120,2026-04-04 17:48:40,paid,,
,walked in customer,20,mangyan,1,Cash,60,2026-04-04 09:50:39,paid,,
,walked in customer,4,angelica sinandomeng,1.5,Cash,90,2026-04-04 18:18:45,paid,,
,walked in customer,8,tamaraw,1,Cash,50,2026-04-04 11:56:04,paid,,
,walked in customer,4,angelica sinandomeng,1,Cash,60,2026-04-04 06:13:50,paid,,
,walked in customer,9,cattaleya,1,Cash,65,2026-04-04 17:50:01,paid,,
,walked in customer,14,malagkit,1,Cash,58,2026-04-04 12:09:26,paid,,
,walked in customer,2,tristar jasmin,1,Cash,62,2026-04-04 15:33:32,paid,,
,walked in customer,4,angelica sinandomeng,1,Cash,60,2026-04-04 06:21:16,paid,,
,walked in customer,20,mangyan,2,Cash,120,2026-04-04 11:48:45,paid,,
,walked in customer,18,cherry blossom,10,Cash,62,2026-04-04 06:43:46,paid,,
,walked in customer,3,blueberry,5,Cash,280,2026-04-04 08:26:33,paid,,
,walked in customer,4,angelica sinandomeng,1,Cash,60,2026-04-04 15:44:48,paid,,
,walked in customer,4,angelica sinandomeng,0.5,Cash,30,2026-04-05 16:37:33,paid,,
,walked in customer,4,angelica sinandomeng,1.5,Cash,90,2026-04-05 09:50:17,paid,,
,walked in customer,1,jack ,25,Cash,1450,2026-04-05 16:32:01,paid,,
,walked in customer,3,blueberry,5,Cash,280,2026-04-05 18:29:35,paid,,
,walked in customer,4,angelica sinandomeng,3,Cash,180,2026-04-06 17:29:51,paid,,
,walked in customer,21,red jasmin,5,Cash,300,2026-04-06 09:10:14,paid,,
,walked in customer,4,angelica sinandomeng,1,Cash,60,2026-04-06 18:11:01,paid,,
,walked in customer,3,blueberry,1,Cash,56,2026-04-06 11:57:18,paid,,
,walked in customer,3,blueberry,0.5,Cash,28,2026-04-06 14:24:56,paid,,
,walked in customer,8,tamaraw,2.5,Cash,125,2026-04-06 13:09:35,paid,tamaraw,50
,walked in customer,21,red jasmin,3,Cash,180,2026-04-06 07:48:10,paid,cattaleya,65
,walked in customer,4,angelica sinandomeng,1,Cash,60,2026-04-06 06:57:44,paid,tristar jasmin,62
,walked in customer,4,angelica sinandomeng,1,Cash,60,2026-04-06 11:33:15,paid,malagkit,58
,walked in customer,4,angelica sinandomeng,1,Cash,60,2026-04-07 08:28:15,paid,angelica sinandomeng,60
,walked in customer,4,angelica sinandomeng,3,Cash,180,2026-04-07 07:55:02,paid,cherokee,60
,walked in customer,2,tristar jasmin,1,Cash,62,2026-04-07 08:10:15,paid,red jasmin,60
,walked in customer,4,angelica sinandomeng,1,Cash,60,2026-04-07 16:49:36,paid,blueberry,56
,walked in customer,1,jack ,2,Cash,116,2026-04-08 17:24:52,paid,mangyan,60
,walked in customer,4,angelica sinandomeng,3,Cash,180,2026-04-08 06:06:05,paid,jack ,58
,walked in customer,4,angelica sinandomeng,1,Cash,60,2026-04-08 11:59:43,paid,cherry blossom,62
,walked in customer,4,angelica sinandomeng,1,Cash,60,2026-04-08 14:02:22,paid,,
,walked in customer,14,malagkit,1,Cash,58,2026-04-08 07:58:02,paid,,
,walked in customer,3,blueberry,4,Cash,224,2026-04-08 07:29:08,paid,,
,walked in customer,21,red jasmin,1,Cash,60,2026-04-08 15:52:01,paid,,
,walked in customer,21,red jasmin,1,Cash,60,2026-04-08 11:24:43,paid,,
,walked in customer,4,angelica sinandomeng,3,Cash,180,2026-04-09 15:37:59,paid,,
,walked in customer,4,angelica sinandomeng,1,Cash,60,2026-04-09 10:08:01,paid,,
,walked in customer,14,malagkit,1,Cash,58,2026-04-09 18:34:04,paid,,
,walked in customer,18,cherry blossom,1,Cash,62,2026-04-09 15:24:27,paid,,
,walked in customer,18,cherry blossom,5,Cash,62,2026-04-09 10:04:21,paid,,
,walked in customer,4,angelica sinandomeng,1,Cash,60,2026-04-09 16:37:27,paid,,
,walked in customer,6,cherokee,1,Cash,60,2026-04-09 07:02:22,paid,,
,walked in customer,3,blueberry,1,Cash,56,2026-04-10 11:55:45,paid,,
,walked in customer,14,malagkit,0.5,Cash,29,2026-04-10 17:17:26,paid,,
,walked in customer,3,blueberry,3,Cash,168,2026-04-10 07:34:49,paid,,
,walked in customer,20,mangyan,1,Cash,60,2026-04-10 09:22:43,paid,,
,walked in customer,9,cattaleya,1,Cash,65,2026-04-10 16:56:12,paid,,
,walked in customer,4,angelica sinandomeng,25,Cash,1500,2026-04-10 07:10:41,paid,,
,walked in customer,1,jack ,5,Cash,290,2026-04-10 18:44:16,paid,,
,walked in customer,4,angelica sinandomeng,1,Cash,60,2026-04-10 17:41:54,paid,,
,walked in customer,4,angelica sinandomeng,25,Cash,1500,2026-04-10 11:26:42,paid,,
,walked in customer,3,blueberry,5,Cash,280,2026-04-11 15:22:49,paid,,
,walked in customer,9,cattaleya,0.75,Cash,48.75,2026-04-11 16:22:25,paid,,
,walked in customer,8,tamaraw,4,Cash,200,2026-04-11 14:08:59,paid,,
,walked in customer,4,angelica sinandomeng,1,Cash,60,2026-04-11 11:41:49,paid,,
,walked in customer,4,angelica sinandomeng,1,Cash,60,2026-04-11 13:46:47,paid,,
,walked in customer,4,angelica sinandomeng,1,Cash,60,2026-04-11 15:33:54,paid,,
,walked in customer,6,cherokee,25,Cash,1500,2026-04-11 12:41:09,paid,,
,walked in customer,1,jack ,1,Cash,58,2026-04-11 06:00:27,paid,,
,walked in customer,2,tristar jasmin,1.5,Cash,93,2026-04-12 10:22:34,paid,,
,walked in customer,18,cherry blossom,25,Cash,1550,2026-04-12 10:47:56,paid,,
,walked in customer,4,angelica sinandomeng,2,Cash,120,2026-04-12 11:04:38,paid,,
,walked in customer,8,tamaraw,1,Cash,50,2026-04-12 17:25:29,paid,,
,walked in customer,3,blueberry,6,Cash,336,2026-04-12 15:58:07,paid,,
,walked in customer,3,blueberry,6,Cash,336,2026-04-12 12:54:50,paid,,
,walked in customer,2,tristar jasmin,1,Cash,62,2026-04-12 06:16:53,paid,,
,walked in customer,18,cherry blossom,1,Cash,62,2026-04-12 06:52:31,paid,,
,walked in customer,4,angelica sinandomeng,1,Cash,60,2026-04-13 07:51:12,paid,,
,walked in customer,4,angelica sinandomeng,0.5,Cash,30,2026-04-13 15:12:59,paid,,
,walked in customer,4,angelica sinandomeng,3,Cash,180,2026-04-13 07:31:03,paid,,
,walked in customer,18,cherry blossom,15,Cash,1550,2026-04-13 15:54:51,paid,,
,walked in customer,3,blueberry,2,Cash,112,2026-04-13 16:41:13,paid,,
,walked in customer,20,mangyan,1,Cash,60,2026-04-13 07:53:07,paid,,
,walked in customer,20,mangyan,3,Cash,180,2026-04-13 13:17:56,paid,,
,walked in customer,4,angelica sinandomeng,4,Cash,240,2026-04-13 14:32:21,paid,,
,walked in customer,4,angelica sinandomeng,1.5,Cash,90,2026-04-13 13:47:12,paid,,
,walked in customer,4,angelica sinandomeng,1,Cash,60,2026-04-13 14:27:28,paid,,
,walked in customer,9,cattaleya,0.5,Cash,32.5,2026-04-13 06:14:07,paid,,
,walked in customer,20,mangyan,1,Cash,60,2026-04-13 07:47:33,paid,,
,walked in customer,4,angelica sinandomeng,3,Cash,180,2026-04-14 07:23:09,paid,,
,walked in customer,2,tristar jasmin,1,Cash,62,2026-04-14 18:16:03,paid,,
,walked in customer,9,cattaleya,0.5,Cash,32.5,2026-04-14 06:38:03,paid,,
,walked in customer,4,angelica sinandomeng,0.5,Cash,30,2026-04-14 09:01:39,paid,,
,walked in customer,4,angelica sinandomeng,1,Cash,60,2026-04-14 15:47:43,paid,,
,walked in customer,4,angelica sinandomeng,2,Cash,120,2026-04-14 09:12:00,paid,,
,walked in customer,6,cherokee,2,Cash,120,2026-04-15 08:48:05,paid,,
,walked in customer,4,angelica sinandomeng,2,Cash,120,2026-04-15 17:47:24,paid,,
,walked in customer,4,angelica sinandomeng,1.5,Cash,90,2026-04-15 11:59:13,paid,,
,walked in customer,4,angelica sinandomeng,5,Cash,300,2026-04-15 16:01:29,paid,,
,walked in customer,9,cattaleya,0.75,Cash,48.75,2026-04-15 08:28:12,paid,,
,walked in customer,4,angelica sinandomeng,1,Cash,60,2026-04-15 14:14:00,paid,,
,walked in customer,1,jack ,0.75,Cash,43.5,2026-04-15 06:51:16,paid,,
,walked in customer,6,cherokee,8,Cash,480,2026-04-15 14:51:41,paid,,
,walked in customer,18,cherry blossom,4,Cash,1550,2026-04-15 15:58:11,paid,,
,walked in customer,4,angelica sinandomeng,1,Cash,60,2026-04-15 18:52:11,paid,,
,walked in customer,2,tristar jasmin,1,Cash,62,2026-04-15 14:17:15,paid,,
,walked in customer,4,angelica sinandomeng,1,Cash,60,2026-04-16 07:03:13,paid,,
,walked in customer,4,angelica sinandomeng,1,Cash,60,2026-04-16 16:35:40,paid,,
,walked in customer,4,angelica sinandomeng,1,Cash,60,2026-04-16 11:14:50,paid,,
,walked in customer,4,angelica sinandomeng,1,Cash,60,2026-04-16 07:14:38,paid,,
,walked in customer,4,angelica sinandomeng,75,Cash,4500,2026-04-16 13:49:35,paid,,
,walked in customer,3,blueberry,6,Cash,336,2026-04-16 14:06:50,paid,,
,walked in customer,21,red jasmin,1,Cash,60,2026-04-16 06:49:36,paid,,
,walked in customer,4,angelica sinandomeng,1,Cash,60,2026-04-16 12:12:19,paid,,
,walked in customer,4,angelica sinandomeng,0.5,Cash,30,2026-04-16 08:38:16,paid,,
,walked in customer,1,jack ,2,Cash,116,2026-04-16 16:32:27,paid,,
,walked in customer,4,angelica sinandomeng,7,Cash,420,2026-04-16 11:56:32,paid,,
,walked in customer,4,angelica sinandomeng,1,Cash,60,2026-04-16 17:45:05,paid,,
,walked in customer,3,blueberry,12.5,Cash,700,2026-04-17 17:02:50,paid,,
,walked in customer,4,angelica sinandomeng,1,Cash,60,2026-04-17 18:03:34,paid,,
,walked in customer,9,cattaleya,1,Cash,65,2026-04-17 18:13:32,paid,,
,walked in customer,4,angelica sinandomeng,1,Cash,60,2026-04-17 16:30:34,paid,,
,walked in customer,18,cherry blossom,25,Cash,1550,2026-04-17 17:16:17,paid,,
,walked in customer,4,angelica sinandomeng,1,Cash,60,2026-04-17 08:30:20,paid,,
,walked in customer,4,angelica sinandomeng,1,Cash,60,2026-04-17 09:17:24,paid,,
,walked in customer,1,jack ,1,Cash,58,2026-04-17 09:24:01,paid,,
,walked in customer,4,angelica sinandomeng,1,Cash,60,2026-04-18 17:19:22,paid,,
,walked in customer,6,cherokee,1,Cash,60,2026-04-18 09:53:22,paid,,
,walked in customer,4,angelica sinandomeng,5,Cash,300,2026-04-18 17:47:04,paid,,
,walked in customer,9,cattaleya,1,Cash,65,2026-04-18 09:55:33,paid,,
,walked in customer,4,angelica sinandomeng,0.5,Cash,30,2026-04-18 10:46:57,paid,,
,walked in customer,9,cattaleya,1,Cash,65,2026-04-18 07:15:06,paid,,
,walked in customer,4,angelica sinandomeng,1.5,Cash,90,2026-04-18 18:09:14,paid,,
,walked in customer,4,angelica sinandomeng,2,Cash,120,2026-04-18 06:13:32,paid,,
,walked in customer,4,angelica sinandomeng,1,Cash,60,2026-04-18 09:48:27,paid,,
,walked in customer,4,angelica sinandomeng,0.5,Cash,30,2026-04-18 06:33:34,paid,,
,walked in customer,1,jack ,1,Cash,58,2026-04-18 13:34:17,paid,,
,walked in customer,21,red jasmin,1,Cash,60,2026-04-18 15:46:18,paid,,
,walked in customer,1,jack ,1,Cash,58,2026-04-18 18:55:35,paid,,
,walked in customer,21,red jasmin,3,Cash,180,2026-04-19 15:27:13,paid,,
,walked in customer,3,blueberry,5,Cash,280,2026-04-19 07:32:33,paid,,
,walked in customer,9,cattaleya,0.75,Cash,48.75,2026-04-19 08:51:34,paid,,
,walked in customer,20,mangyan,1,Cash,60,2026-04-19 11:32:56,paid,,
,walked in customer,1,jack ,3,Cash,174,2026-04-19 11:23:58,paid,,
,walked in customer,21,red jasmin,1,Cash,60,2026-04-19 07:37:35,paid,,
,walked in customer,4,angelica sinandomeng,3,Cash,180,2026-04-19 12:30:09,paid,,
,walked in customer,4,angelica sinandomeng,1,Cash,60,2026-04-19 13:52:47,paid,,
,walked in customer,4,angelica sinandomeng,0.5,Cash,30,2026-04-19 13:11:31,paid,,
,walked in customer,20,mangyan,1,Cash,60,2026-04-20 09:33:56,paid,,
,walked in customer,21,red jasmin,25,Cash,1500,2026-04-20 16:57:12,paid,,
,walked in customer,4,angelica sinandomeng,1,Cash,60,2026-04-20 15:06:22,paid,,
,walked in customer,9,cattaleya,0.5,Cash,32.5,2026-04-20 10:50:25,paid,,
,walked in customer,4,angelica sinandomeng,1,Cash,60,2026-04-20 16:52:17,paid,,
,walked in customer,4,angelica sinandomeng,25,Cash,1500,2026-04-20 18:49:25,paid,,
,walked in customer,21,red jasmin,1,Cash,60,2026-04-20 12:18:35,paid,,
,walked in customer,4,angelica sinandomeng,1,Cash,60,2026-04-20 09:33:15,paid,,
,walked in customer,4,angelica sinandomeng,1,Cash,60,2026-04-21 17:34:33,paid,,
,walked in customer,21,red jasmin,1,Cash,60,2026-04-21 08:42:15,paid,,
,walked in customer,4,angelica sinandomeng,1,Cash,60,2026-04-21 09:32:57,paid,,
,walked in customer,2,tristar jasmin,0.5,Cash,31,2026-04-21 11:56:31,paid,,
,walked in customer,8,tamaraw,1,Cash,50,2026-04-21 12:25:16,paid,,
,walked in customer,2,tristar jasmin,5,Cash,310,2026-04-21 14:15:35,paid,,
,walked in customer,18,cherry blossom,5,Cash,310,2026-04-21 16:56:29,paid,,
,walked in customer,8,tamaraw,1,Cash,50,2026-04-21 10:32:56,paid,,
,walked in customer,4,angelica sinandomeng,1,Cash,60,2026-04-21 17:14:28,paid,,
,walked in customer,1,jack ,1,Cash,58,2026-04-21 12:00:02,paid,,
,walked in customer,4,angelica sinandomeng,1.5,Cash,90,2026-04-22 10:23:25,paid,,
,walked in customer,21,red jasmin,1,Cash,60,2026-04-22 15:33:21,paid,,
,walked in customer,20,mangyan,1,Cash,60,2026-04-22 18:39:39,paid,,
,walked in customer,14,malagkit,1,Cash,58,2026-04-22 13:19:27,paid,,
,walked in customer,4,angelica sinandomeng,1,Cash,60,2026-04-22 13:48:06,paid,,
,walked in customer,4,angelica sinandomeng,1,Cash,60,2026-04-22 07:47:24,paid,,
,walked in customer,4,angelica sinandomeng,2,Cash,120,2026-04-23 16:31:47,paid,,
,walked in customer,4,angelica sinandomeng,1,Cash,60,2026-04-23 14:57:52,paid,,
,walked in customer,4,angelica sinandomeng,4,Cash,240,2026-04-23 17:14:55,paid,,
,walked in customer,3,blueberry,5,Cash,280,2026-04-23 18:12:32,paid,,
,walked in customer,20,mangyan,1.5,Cash,90,2026-04-23 18:42:01,paid,,
,walked in customer,9,cattaleya,2,Cash,130,2026-04-23 16:41:01,paid,,
,walked in customer,1,jack ,1,Cash,58,2026-04-23 10:34:04,paid,,
,walked in customer,1,jack ,1,Cash,58,2026-04-24 17:39:33,paid,,
,walked in customer,18,cherry blossom,25,Cash,1550,2026-04-24 08:51:01,paid,,
,walked in customer,4,angelica sinandomeng,1,Cash,60,2026-04-24 12:54:05,paid,,
,walked in customer,14,malagkit,1,Cash,58,2026-04-24 16:17:48,paid,,
,walked in customer,21,red jasmin,1,Cash,60,2026-04-24 09:01:58,paid,,
,walked in customer,9,cattaleya,0.75,Cash,48.75,2026-04-24 18:04:14,paid,,
,walked in customer,4,angelica sinandomeng,2,Cash,120,2026-04-24 07:57:54,paid,,
,walked in customer,1,jack ,2,Cash,116,2026-04-24 13:41:21,paid,,
,walked in customer,3,blueberry,1.5,Cash,84,2026-04-24 08:54:02,paid,,
,walked in customer,21,red jasmin,1,Cash,60,2026-04-25 14:49:55,paid,,
,walked in customer,18,cherry blossom,2,Cash,124,2026-04-25 10:56:11,paid,,
,walked in customer,21,red jasmin,1.5,Cash,90,2026-04-25 17:47:37,paid,,
,walked in customer,21,red jasmin,1,Cash,60,2026-04-25 09:19:41,paid,,
,walked in customer,21,red jasmin,1.5,Cash,90,2026-04-25 10:46:31,paid,,
,walked in customer,4,angelica sinandomeng,2,Cash,120,2026-04-25 12:05:47,paid,,
,walked in customer,4,angelica sinandomeng,2,Cash,120,2026-04-25 14:12:59,paid,,
,walked in customer,9,cattaleya,1,Cash,65,2026-04-25 14:51:38,paid,,
,walked in customer,4,angelica sinandomeng,1,Cash,60,2026-04-25 13:29:16,paid,,
,walked in customer,4,angelica sinandomeng,2,Cash,120,2026-04-25 12:50:48,paid,,
,walked in customer,4,angelica sinandomeng,1,Cash,60,2026-04-25 18:15:04,paid,,
,walked in customer,18,cherry blossom,20,Cash,1240,2026-04-26 10:35:25,paid,,
,walked in customer,6,cherokee,1.5,Cash,90,2026-04-26 11:03:33,paid,,
,walked in customer,1,jack ,10,Cash,580,2026-04-26 13:19:40,paid,,
,walked in customer,4,angelica sinandomeng,2,Cash,120,2026-04-26 16:30:25,paid,,
,walked in customer,21,red jasmin,1,Cash,60,2026-04-26 14:49:17,paid,,
,walked in customer,3,blueberry,1,Cash,56,2026-04-26 18:44:40,paid,,
,walked in customer,3,blueberry,1.5,Cash,84,2026-04-26 16:52:05,paid,,
,walked in customer,21,red jasmin,1,Cash,60,2026-04-26 14:02:14,paid,,
,walked in customer,4,angelica sinandomeng,0.5,Cash,30,2026-04-26 08:04:53,paid,,
,walked in customer,9,cattaleya,25,Cash,1625,2026-04-26 18:30:35,paid,,
,walked in customer,2,tristar jasmin,3,Cash,186,2026-04-27 15:19:30,paid,,
,walked in customer,4,angelica sinandomeng,2,Cash,120,2026-04-27 17:14:16,paid,,
,walked in customer,6,cherokee,3,Cash,180,2026-04-27 17:08:40,paid,,
,walked in customer,21,red jasmin,1,Cash,60,2026-04-27 14:34:41,paid,,
,walked in customer,4,angelica sinandomeng,1.5,Cash,90,2026-04-27 16:29:20,paid,,
,walked in customer,4,angelica sinandomeng,1,Cash,60,2026-04-27 14:27:52,paid,,
,walked in customer,6,cherokee,0.5,Cash,30,2026-04-27 18:16:53,paid,,
,walked in customer,8,tamaraw,1,Cash,50,2026-04-27 08:21:06,paid,,
,walked in customer,4,angelica sinandomeng,1.5,Cash,90,2026-04-27 08:58:58,paid,,
,walked in customer,2,tristar jasmin,25,Cash,1550,2026-04-27 14:23:49,paid,,